"","Bench","mean","se"
"2","BT.B",54.2238482422479,1.90018946704693
"4","CG.B",19.9286271403565,0.0708396296718287
"6","DC.A",2.10573084831734,0.0170074364485818
"8","EP.B",13.6450022243557,0.151771159645729
"10","FT.B",60.549293647363,1.13042180876338
"12","IS.B",31.3236108666154,0.552424974938429
"14","LU.B",40.0503258499677,1.09276234607123
"16","MG.B",30.662317403854,0.809863187230973
"18","SP.B",4.39876895975225,0.054566116025791
"20","UA.B",37.1713716125891,0.524429489786788
