"","Bench","mean","se"
"2","DC.A",26.2611841644686,0.180092992114398
"4","SP.B",7.3720988268006,0.0572763233166059
